inventory_id,product_id,warehouse_id,system_stock,physical_stock,reorder_point,reorder_quantity,last_count_date
1,1,1,113,113,11,108,2025-08-24
2,1,2,51,51,18,162,2025-11-03
3,1,3,74,74,7,71,2025-10-31
4,1,4,108,108,26,36,2025-09-30
5,2,1,61,61,29,101,2025-10-18
6,2,2,110,110,17,168,2025-09-09
7,2,3,106,106,24,113,2025-10-23
8,2,4,10,10,16,74,2025-09-11
9,3,1,212,212,7,74,2025-09-16
10,3,2,75,75,10,67,2025-10-11
11,3,3,29,29,26,121,2025-08-20
12,3,4,96,96,23,144,2025-09-27
13,4,1,28,28,14,153,2025-08-26
14,4,2,121,121,21,168,2025-08-29
15,4,3,48,48,10,85,2025-09-24
16,4,4,236,236,9,10,2025-10-14
17,5,1,136,123,18,148,2025-10-12
18,5,2,64,52,24,79,2025-10-27
19,5,3,103,103,7,94,2025-10-15
20,5,4,150,150,8,82,2025-10-02
21,6,1,43,46,15,69,2025-10-21
22,6,2,28,28,15,31,2025-10-12
23,6,3,40,40,29,82,2025-09-27
24,6,4,8,8,12,127,2025-09-02
25,7,1,273,273,13,116,2025-10-07
26,7,2,17,17,5,127,2025-08-14
27,7,3,73,73,15,152,2025-08-21
28,7,4,116,145,30,185,2025-09-05
29,8,1,169,169,19,188,2025-11-05
30,8,2,129,129,26,24,2025-08-15
31,8,3,60,60,25,124,2025-10-11
32,8,4,115,115,5,183,2025-10-16
33,9,1,39,39,15,126,2025-08-29
34,9,2,2,2,8,80,2025-08-15
35,9,3,31,31,5,134,2025-10-10
36,9,4,36,43,6,127,2025-08-08
37,10,1,114,114,8,73,2025-09-29
38,10,2,59,59,24,73,2025-09-22
39,10,3,143,143,20,174,2025-08-16
40,10,4,65,65,22,26,2025-08-20
41,11,1,7,7,17,134,2025-08-31
42,11,2,3,3,16,175,2025-08-26
43,11,3,3,3,25,188,2025-09-12
44,11,4,11,11,9,159,2025-10-29
45,12,1,86,86,7,128,2025-10-24
46,12,2,5,5,27,18,2025-08-25
47,12,3,88,88,10,80,2025-10-01
48,12,4,91,91,21,159,2025-09-08
49,13,1,115,115,14,42,2025-09-23
50,13,2,29,29,21,190,2025-08-11
51,13,3,38,38,24,147,2025-09-07
52,13,4,40,40,21,39,2025-10-26
53,14,1,21,21,28,167,2025-10-17
54,14,2,13,11,9,49,2025-09-21
55,14,3,64,64,8,55,2025-09-07
56,14,4,3,2,11,150,2025-08-24
57,15,1,70,70,13,174,2025-09-26
58,15,2,114,114,21,24,2025-09-14
59,15,3,70,70,9,25,2025-08-11
60,15,4,171,171,10,16,2025-08-13
61,16,1,26,26,23,64,2025-10-30
62,16,2,10,10,24,74,2025-09-18
63,16,3,9,9,5,148,2025-09-18
64,16,4,19,19,24,46,2025-09-02
65,17,1,48,48,18,170,2025-09-29
66,17,2,89,89,17,196,2025-10-05
67,17,3,111,111,27,84,2025-11-02
68,17,4,105,105,8,192,2025-09-26
69,18,1,57,57,13,19,2025-11-02
70,18,2,55,61,14,46,2025-08-08
71,18,3,58,58,6,139,2025-09-21
72,18,4,3,3,20,171,2025-08-13
73,19,1,82,82,14,113,2025-10-16
74,19,2,69,69,25,55,2025-08-13
75,19,3,180,202,21,73,2025-09-25
76,19,4,109,109,18,46,2025-08-08
77,20,1,110,110,13,39,2025-09-23
78,20,2,63,63,14,112,2025-09-07
79,20,3,95,95,24,107,2025-10-13
80,20,4,27,27,18,182,2025-08-11
81,21,1,204,250,20,187,2025-09-16
82,21,2,58,45,19,63,2025-09-28
83,21,3,12,12,19,27,2025-09-10
84,21,4,99,99,14,160,2025-10-24
85,22,1,20,20,8,195,2025-09-12
86,22,2,27,27,17,106,2025-10-30
87,22,3,31,31,11,109,2025-10-15
88,22,4,19,19,27,52,2025-08-24
89,23,1,10,10,12,95,2025-10-23
90,23,2,24,24,19,106,2025-08-10
91,23,3,11,11,13,147,2025-08-25
92,23,4,5,5,16,48,2025-08-10
93,24,1,8,8,11,172,2025-09-02
94,24,2,4,4,25,155,2025-10-18
95,24,3,11,8,30,105,2025-10-12
96,24,4,7,7,24,171,2025-09-02
97,25,1,76,76,26,155,2025-10-21
98,25,2,5,5,25,188,2025-10-15
99,25,3,66,66,24,100,2025-11-02
100,25,4,4,4,27,41,2025-09-07
101,26,1,117,117,27,175,2025-10-24
102,26,2,22,22,16,28,2025-09-21
103,26,3,83,83,24,163,2025-09-01
104,26,4,49,64,23,79,2025-08-08
105,27,1,99,99,15,180,2025-10-21
106,27,2,34,34,17,36,2025-09-04
107,27,3,98,98,27,198,2025-09-17
108,27,4,60,60,23,127,2025-09-15
109,28,1,20,20,28,69,2025-10-07
110,28,2,2,2,25,179,2025-10-03
111,28,3,44,44,8,136,2025-10-28
112,28,4,38,38,9,127,2025-11-01
113,29,1,114,138,21,90,2025-08-17
114,29,2,90,90,10,166,2025-08-10
115,29,3,169,181,25,198,2025-09-27
116,29,4,106,106,11,167,2025-10-08
117,30,1,155,139,25,27,2025-08-30
118,30,2,22,23,30,86,2025-09-07
119,30,3,217,217,10,146,2025-08-11
120,30,4,57,57,27,50,2025-10-21
121,31,1,212,212,23,66,2025-09-13
122,31,2,34,34,18,43,2025-09-03
123,31,3,24,24,11,73,2025-09-15
124,31,4,0,0,25,43,2025-08-15
125,32,1,26,26,23,85,2025-08-14
126,32,2,66,66,11,135,2025-10-25
127,32,3,28,28,20,89,2025-10-16
128,32,4,24,24,8,31,2025-09-29
129,33,1,18,18,16,116,2025-10-31
130,33,2,16,17,26,134,2025-10-11
131,33,3,1,1,7,158,2025-09-26
132,33,4,12,12,22,31,2025-10-11
133,34,1,34,34,6,152,2025-09-28
134,34,2,47,47,13,189,2025-08-26
135,34,3,77,77,12,146,2025-10-10
136,34,4,60,60,26,194,2025-08-11
137,35,1,8,8,15,74,2025-10-24
138,35,2,7,7,17,43,2025-09-08
139,35,3,0,0,11,167,2025-09-07
140,35,4,6,6,21,156,2025-08-17
141,36,1,57,57,18,150,2025-10-30
142,36,2,19,19,20,83,2025-10-27
143,36,3,45,45,20,47,2025-10-04
144,36,4,87,87,21,76,2025-08-22
145,37,1,63,63,11,157,2025-10-18
146,37,2,40,40,19,61,2025-09-30
147,37,3,63,63,28,147,2025-10-07
148,37,4,44,44,13,136,2025-10-14
149,38,1,124,124,25,46,2025-09-02
150,38,2,6,6,24,130,2025-09-19
151,38,3,67,67,12,21,2025-08-30
152,38,4,38,38,13,95,2025-09-15
153,39,1,65,65,10,198,2025-09-08
154,39,2,15,15,18,139,2025-10-08
155,39,3,55,55,29,101,2025-10-14
156,39,4,7,7,10,12,2025-10-19
157,40,1,19,19,13,30,2025-09-11
158,40,2,31,31,21,130,2025-09-18
159,40,3,52,52,18,65,2025-08-28
160,40,4,33,33,8,85,2025-10-20
161,41,1,36,36,13,60,2025-10-18
162,41,2,38,38,23,38,2025-10-24
163,41,3,37,37,20,147,2025-09-19
164,41,4,19,19,11,182,2025-10-20
165,42,1,107,107,14,14,2025-10-16
166,42,2,44,44,6,183,2025-10-31
167,42,3,74,74,25,199,2025-08-11
168,42,4,94,94,24,95,2025-10-01
169,43,1,107,107,22,111,2025-08-10
170,43,2,69,69,22,127,2025-09-03
171,43,3,35,35,20,90,2025-09-07
172,43,4,4,4,17,147,2025-08-15
173,44,1,29,29,6,85,2025-10-28
174,44,2,25,25,21,97,2025-09-05
175,44,3,25,25,15,177,2025-08-21
176,44,4,28,28,15,89,2025-09-13
177,45,1,131,131,11,84,2025-10-27
178,45,2,122,122,19,173,2025-09-09
179,45,3,55,59,17,133,2025-09-13
180,45,4,153,153,8,29,2025-09-16
181,46,1,140,140,21,88,2025-10-16
182,46,2,146,146,12,89,2025-10-22
183,46,3,28,35,12,47,2025-08-31
184,46,4,70,70,27,93,2025-10-31
185,47,1,81,81,27,125,2025-10-14
186,47,2,93,93,12,41,2025-09-21
187,47,3,33,33,26,40,2025-10-21
188,47,4,26,26,8,88,2025-09-23
189,48,1,142,142,8,121,2025-10-07
190,48,2,41,41,12,132,2025-09-03
191,48,3,103,103,26,11,2025-11-06
192,48,4,171,139,27,128,2025-08-19
193,49,1,84,84,26,129,2025-10-17
194,49,2,62,62,29,131,2025-08-29
195,49,3,47,47,9,178,2025-09-02
196,49,4,40,40,28,35,2025-10-08
197,50,1,94,94,14,190,2025-10-14
198,50,2,12,14,18,82,2025-08-19
199,50,3,43,43,8,124,2025-09-15
200,50,4,69,90,29,66,2025-10-18
201,51,1,46,46,21,129,2025-09-30
202,51,2,20,20,7,74,2025-09-22
203,51,3,14,11,27,126,2025-10-06
204,51,4,168,168,23,65,2025-08-22
205,52,1,9,9,17,20,2025-09-16
206,52,2,8,9,24,191,2025-10-06
207,52,3,30,30,17,11,2025-10-07
208,52,4,23,21,22,15,2025-09-05
209,53,1,8,8,17,105,2025-10-05
210,53,2,10,10,9,164,2025-08-12
211,53,3,8,8,30,151,2025-08-12
212,53,4,5,5,8,167,2025-10-19
213,54,1,55,55,7,103,2025-08-18
214,54,2,20,20,11,176,2025-10-09
215,54,3,24,28,26,76,2025-10-27
216,54,4,53,53,13,32,2025-10-10
217,55,1,38,38,21,34,2025-09-07
218,55,2,17,17,18,104,2025-08-12
219,55,3,81,81,16,36,2025-09-30
220,55,4,36,36,17,105,2025-09-17
221,56,1,7,7,26,62,2025-10-19
222,56,2,1,1,28,97,2025-08-08
223,56,3,18,18,14,11,2025-09-03
224,56,4,16,16,11,138,2025-10-21
225,57,1,169,169,24,184,2025-10-10
226,57,2,109,109,12,92,2025-09-08
227,57,3,12,12,7,35,2025-10-15
228,57,4,160,160,19,198,2025-11-05
229,58,1,62,62,18,166,2025-10-28
230,58,2,65,65,18,53,2025-08-09
231,58,3,108,108,19,55,2025-10-16
232,58,4,97,97,12,141,2025-09-09
233,59,1,23,23,22,74,2025-11-01
234,59,2,21,21,23,147,2025-08-27
235,59,3,3,3,10,41,2025-08-31
236,59,4,11,11,16,82,2025-08-20
237,60,1,198,198,19,84,2025-10-25
238,60,2,33,33,23,132,2025-10-08
239,60,3,51,44,25,169,2025-10-31
240,60,4,116,116,25,18,2025-10-26
241,61,1,7,7,14,164,2025-09-24
242,61,2,6,6,14,88,2025-08-30
243,61,3,24,24,19,104,2025-10-14
244,61,4,1,1,12,91,2025-11-01
245,62,1,43,43,25,53,2025-09-30
246,62,2,50,50,29,77,2025-10-12
247,62,3,145,126,17,64,2025-08-21
248,62,4,162,162,23,111,2025-08-12
249,63,1,108,108,18,67,2025-08-19
250,63,2,6,4,29,165,2025-09-02
251,63,3,88,88,26,35,2025-10-20
252,63,4,48,48,14,158,2025-09-04
253,64,1,25,25,23,125,2025-11-01
254,64,2,72,72,21,162,2025-08-12
255,64,3,112,112,19,159,2025-09-15
256,64,4,106,106,14,154,2025-09-20
257,65,1,24,24,12,114,2025-08-29
258,65,2,49,49,8,82,2025-10-11
259,65,3,135,135,25,13,2025-08-19
260,65,4,243,286,26,167,2025-09-07
261,66,1,30,30,22,70,2025-10-08
262,66,2,13,13,9,44,2025-09-25
263,66,3,46,46,16,192,2025-11-04
264,66,4,19,19,29,119,2025-10-27
265,67,1,3,3,26,145,2025-10-05
266,67,2,57,57,18,135,2025-10-31
267,67,3,97,97,13,53,2025-10-27
268,67,4,211,235,23,173,2025-08-24
269,68,1,45,45,20,102,2025-10-29
270,68,2,6,6,21,167,2025-10-09
271,68,3,49,49,14,120,2025-09-10
272,68,4,24,24,13,193,2025-09-15
273,69,1,66,66,9,85,2025-11-01
274,69,2,102,102,14,191,2025-08-13
275,69,3,14,14,10,150,2025-10-17
276,69,4,50,50,18,13,2025-11-06
277,70,1,27,24,28,165,2025-09-04
278,70,2,34,34,29,43,2025-08-21
279,70,3,178,178,17,13,2025-10-21
280,70,4,139,139,17,114,2025-09-19
281,71,1,58,47,14,32,2025-08-29
282,71,2,130,130,22,69,2025-10-28
283,71,3,35,35,16,120,2025-08-18
284,71,4,139,119,29,139,2025-11-04
285,72,1,111,111,21,161,2025-10-26
286,72,2,131,131,7,55,2025-10-11
287,72,3,79,79,10,75,2025-08-30
288,72,4,125,125,18,140,2025-10-30
289,73,1,167,167,14,130,2025-10-01
290,73,2,25,25,27,44,2025-09-23
291,73,3,90,90,14,115,2025-10-03
292,73,4,138,138,5,158,2025-11-04
293,74,1,15,15,16,182,2025-10-21
294,74,2,10,10,9,82,2025-08-23
295,74,3,52,45,11,191,2025-09-12
296,74,4,50,50,27,37,2025-09-12
297,75,1,71,71,13,187,2025-09-24
298,75,2,107,107,10,93,2025-10-26
299,75,3,119,119,23,199,2025-10-11
300,75,4,143,143,8,99,2025-10-02
301,76,1,96,109,22,10,2025-08-15
302,76,2,34,34,14,149,2025-08-14
303,76,3,111,111,22,85,2025-09-26
304,76,4,97,97,8,104,2025-10-26
305,77,1,6,6,27,65,2025-09-05
306,77,2,6,6,30,62,2025-08-16
307,77,3,2,2,13,167,2025-10-24
308,77,4,2,2,7,170,2025-09-18
309,78,1,13,13,14,166,2025-09-07
310,78,2,17,17,10,161,2025-10-08
311,78,3,47,38,20,13,2025-09-15
312,78,4,261,261,21,36,2025-09-22
313,79,1,1,1,9,14,2025-10-05
314,79,2,8,8,17,54,2025-10-27
315,79,3,4,4,24,57,2025-09-06
316,79,4,71,71,12,20,2025-08-31
317,80,1,57,57,15,14,2025-08-10
318,80,2,95,95,19,116,2025-08-23
319,80,3,50,50,14,195,2025-10-06
320,80,4,74,74,6,158,2025-10-06
321,81,1,120,120,14,69,2025-09-28
322,81,2,99,99,15,59,2025-09-11
323,81,3,47,47,22,199,2025-08-30
324,81,4,162,162,13,162,2025-08-20
325,82,1,61,61,15,106,2025-10-06
326,82,2,2,2,19,54,2025-08-14
327,82,3,48,48,8,158,2025-10-01
328,82,4,31,31,26,190,2025-10-20
329,83,1,15,19,20,73,2025-08-23
330,83,2,223,223,19,85,2025-09-26
331,83,3,184,184,29,38,2025-09-03
332,83,4,17,15,24,182,2025-10-13
333,84,1,63,63,6,58,2025-08-29
334,84,2,19,19,29,102,2025-10-14
335,84,3,50,50,10,127,2025-11-03
336,84,4,33,33,11,34,2025-10-20
337,85,1,106,106,12,41,2025-10-19
338,85,2,102,122,23,148,2025-09-05
339,85,3,88,82,11,149,2025-08-11
340,85,4,91,91,17,194,2025-10-08
341,86,1,3,2,8,62,2025-10-08
342,86,2,6,6,25,53,2025-09-04
343,86,3,5,5,24,67,2025-10-06
344,86,4,0,0,19,74,2025-08-09
345,87,1,176,126,11,158,2025-09-04
346,87,2,124,124,12,40,2025-10-18
347,87,3,51,51,17,23,2025-08-13
348,87,4,79,79,9,24,2025-10-11
349,88,1,46,46,10,164,2025-08-21
350,88,2,70,88,6,160,2025-09-21
351,88,3,60,60,30,177,2025-09-27
352,88,4,71,71,9,161,2025-08-31
353,89,1,10,10,29,28,2025-08-27
354,89,2,10,10,6,180,2025-09-22
355,89,3,11,11,5,158,2025-10-25
356,89,4,4,4,11,74,2025-09-26
357,90,1,148,148,20,42,2025-10-30
358,90,2,38,38,7,170,2025-10-01
359,90,3,186,186,22,191,2025-10-12
360,90,4,71,58,21,37,2025-11-06
361,91,1,56,56,16,194,2025-10-31
362,91,2,7,7,15,139,2025-10-06
363,91,3,4,4,27,91,2025-08-08
364,91,4,29,29,18,135,2025-08-28
365,92,1,8,8,28,38,2025-09-28
366,92,2,21,21,23,102,2025-08-27
367,92,3,58,58,16,34,2025-10-14
368,92,4,108,108,27,168,2025-09-28
369,93,1,3,3,11,52,2025-08-31
370,93,2,263,263,13,189,2025-10-17
371,93,3,44,44,15,160,2025-10-30
372,93,4,122,122,27,159,2025-10-27
373,94,1,24,24,17,179,2025-08-18
374,94,2,36,36,5,32,2025-10-23
375,94,3,0,0,13,73,2025-10-22
376,94,4,113,113,26,139,2025-10-09
377,95,1,7,6,26,27,2025-09-17
378,95,2,101,101,22,70,2025-10-28
379,95,3,281,281,27,82,2025-10-11
380,95,4,57,57,22,133,2025-10-31
381,96,1,130,130,14,116,2025-08-31
382,96,2,74,74,28,36,2025-08-23
383,96,3,156,156,23,77,2025-08-11
384,96,4,0,0,13,119,2025-10-29
385,97,1,32,32,13,159,2025-08-09
386,97,2,58,58,24,77,2025-10-23
387,97,3,69,69,26,113,2025-08-28
388,97,4,61,61,9,110,2025-10-21
389,98,1,13,13,29,118,2025-10-05
390,98,2,168,168,28,126,2025-08-21
391,98,3,120,91,22,53,2025-08-22
392,98,4,48,48,17,170,2025-10-29
393,99,1,132,132,15,194,2025-09-29
394,99,2,107,133,7,83,2025-10-03
395,99,3,114,114,12,15,2025-10-28
396,99,4,108,108,16,114,2025-11-01
397,100,1,47,47,6,100,2025-10-18
398,100,2,25,25,11,189,2025-10-17
399,100,3,75,75,17,98,2025-09-07
400,100,4,86,86,16,141,2025-08-30
401,101,1,46,46,13,171,2025-08-30
402,101,2,32,32,26,109,2025-10-03
403,101,3,60,60,23,64,2025-08-31
404,101,4,13,15,17,98,2025-11-05
405,102,1,129,129,10,175,2025-10-30
406,102,2,132,132,19,46,2025-09-21
407,102,3,193,193,5,78,2025-10-13
408,102,4,8,8,13,53,2025-09-14
409,103,1,88,88,24,40,2025-08-20
410,103,2,109,109,24,12,2025-08-29
411,103,3,102,102,20,31,2025-08-28
412,103,4,49,49,26,163,2025-11-04
413,104,1,3,3,9,70,2025-09-02
414,104,2,20,14,23,86,2025-09-17
415,104,3,7,7,18,69,2025-09-25
416,104,4,16,19,22,17,2025-09-24
417,105,1,8,8,18,197,2025-09-29
418,105,2,111,111,23,66,2025-08-10
419,105,3,98,72,24,24,2025-10-21
420,105,4,208,208,22,112,2025-10-22
421,106,1,65,65,10,55,2025-09-17
422,106,2,119,119,24,16,2025-08-22
423,106,3,73,73,9,15,2025-08-20
424,106,4,113,113,21,27,2025-10-01
425,107,1,202,202,28,89,2025-10-26
426,107,2,136,136,30,51,2025-11-03
427,107,3,38,49,13,137,2025-08-23
428,107,4,7,7,9,72,2025-09-09
429,108,1,74,74,26,97,2025-08-28
430,108,2,76,76,10,129,2025-10-28
431,108,3,19,19,13,120,2025-10-16
432,108,4,118,118,18,136,2025-10-11
433,109,1,61,61,23,100,2025-08-12
434,109,2,97,97,27,111,2025-08-26
435,109,3,136,136,19,175,2025-10-20
436,109,4,190,190,27,168,2025-11-03
437,110,1,87,87,9,123,2025-08-26
438,110,2,181,181,21,139,2025-09-20
439,110,3,45,45,10,156,2025-09-06
440,110,4,43,43,6,150,2025-08-15
441,111,1,84,84,23,163,2025-09-23
442,111,2,158,158,17,86,2025-08-24
443,111,3,75,75,22,126,2025-10-14
444,111,4,36,36,8,106,2025-09-05
445,112,1,2,2,9,12,2025-10-04
446,112,2,16,16,20,81,2025-08-09
447,112,3,13,13,20,75,2025-10-23
448,112,4,0,0,22,102,2025-08-13
449,113,1,50,50,6,173,2025-08-11
450,113,2,3,4,28,35,2025-10-18
451,113,3,56,56,24,51,2025-09-05
452,113,4,61,61,12,35,2025-09-18
453,114,1,121,121,6,51,2025-09-06
454,114,2,113,113,5,148,2025-08-23
455,114,3,127,127,13,107,2025-10-06
456,114,4,35,35,15,80,2025-10-01
457,115,1,6,6,11,29,2025-08-28
458,115,2,3,3,20,92,2025-10-23
459,115,3,4,3,9,148,2025-08-30
460,115,4,0,0,25,123,2025-10-22
461,116,1,16,16,23,54,2025-09-13
462,116,2,21,21,24,115,2025-10-27
463,116,3,6,6,17,147,2025-10-28
464,116,4,15,15,30,63,2025-10-09
465,117,1,11,11,9,18,2025-08-12
466,117,2,149,149,22,127,2025-11-06
467,117,3,145,152,24,96,2025-10-20
468,117,4,67,67,11,151,2025-09-20
469,118,1,33,33,28,96,2025-09-16
470,118,2,238,238,29,139,2025-09-04
471,118,3,72,72,26,29,2025-08-19
472,118,4,21,21,13,14,2025-09-09
473,119,1,149,149,12,197,2025-08-14
474,119,2,57,57,22,66,2025-08-16
475,119,3,67,67,14,189,2025-09-05
476,119,4,91,91,8,130,2025-10-04
477,120,1,109,109,10,178,2025-10-19
478,120,2,65,65,26,141,2025-10-29
479,120,3,150,150,22,133,2025-08-25
480,120,4,11,11,6,178,2025-08-17
481,121,1,53,53,21,13,2025-08-23
482,121,2,17,17,19,63,2025-10-21
483,121,3,40,40,15,40,2025-10-01
484,121,4,50,50,17,45,2025-08-31
485,122,1,152,162,24,34,2025-08-31
486,122,2,68,68,10,129,2025-09-16
487,122,3,31,31,12,118,2025-08-15
488,122,4,127,127,14,83,2025-09-01
489,123,1,15,15,21,181,2025-09-29
490,123,2,74,85,25,34,2025-08-19
491,123,3,53,53,9,109,2025-09-03
492,123,4,198,198,15,131,2025-09-03
493,124,1,47,47,23,31,2025-11-03
494,124,2,33,33,16,28,2025-09-02
495,124,3,60,60,8,128,2025-10-22
496,124,4,106,106,29,94,2025-09-05
497,125,1,33,26,13,56,2025-08-25
498,125,2,77,77,7,36,2025-10-20
499,125,3,97,97,9,145,2025-09-04
500,125,4,80,80,17,115,2025-09-25
501,126,1,27,27,17,162,2025-11-02
502,126,2,27,27,29,199,2025-08-23
503,126,3,6,7,27,51,2025-10-31
504,126,4,32,32,6,88,2025-10-09
505,127,1,16,16,10,120,2025-10-30
506,127,2,108,108,25,21,2025-10-05
507,127,3,100,100,21,92,2025-10-29
508,127,4,100,100,6,144,2025-11-01
509,128,1,68,68,28,50,2025-10-28
510,128,2,193,193,20,55,2025-10-19
511,128,3,58,58,8,77,2025-08-20
512,128,4,78,78,29,149,2025-10-03
513,129,1,119,119,28,118,2025-10-16
514,129,2,54,54,11,91,2025-10-13
515,129,3,130,130,21,28,2025-08-24
516,129,4,35,35,23,133,2025-08-31
517,130,1,67,67,19,29,2025-09-25
518,130,2,135,135,14,79,2025-09-12
519,130,3,85,85,7,143,2025-08-19
520,130,4,60,60,21,200,2025-08-31
521,131,1,205,205,18,79,2025-08-27
522,131,2,118,118,12,106,2025-09-23
523,131,3,109,109,7,141,2025-10-13
524,131,4,52,52,19,190,2025-08-17
525,132,1,102,102,16,143,2025-10-10
526,132,2,9,9,18,166,2025-09-15
527,132,3,151,151,19,69,2025-09-30
528,132,4,10,9,13,172,2025-08-14
529,133,1,63,50,28,69,2025-09-30
530,133,2,132,132,30,187,2025-09-21
531,133,3,35,33,19,195,2025-09-23
532,133,4,211,211,8,174,2025-08-20
533,134,1,15,15,5,124,2025-09-30
534,134,2,90,74,9,126,2025-10-10
535,134,3,132,132,29,19,2025-11-03
536,134,4,173,173,19,124,2025-10-14
537,135,1,28,28,11,73,2025-10-04
538,135,2,77,77,11,184,2025-10-18
539,135,3,30,30,17,138,2025-09-19
540,135,4,67,67,8,162,2025-10-07
541,136,1,102,102,10,77,2025-10-11
542,136,2,100,100,7,12,2025-10-15
543,136,3,80,80,8,82,2025-10-04
544,136,4,115,115,25,135,2025-08-15
545,137,1,80,80,6,31,2025-08-12
546,137,2,81,81,28,106,2025-09-28
547,137,3,54,54,13,151,2025-08-25
548,137,4,120,133,26,78,2025-10-12
549,138,1,28,36,28,84,2025-08-24
550,138,2,43,43,23,92,2025-10-21
551,138,3,47,47,15,67,2025-09-27
552,138,4,47,47,28,166,2025-08-19
553,139,1,4,4,12,187,2025-09-08
554,139,2,9,9,21,152,2025-08-16
555,139,3,13,13,22,19,2025-08-14
556,139,4,2,2,8,28,2025-10-10
557,140,1,67,67,10,172,2025-10-02
558,140,2,120,120,11,38,2025-08-23
559,140,3,8,8,18,17,2025-11-03
560,140,4,242,242,15,120,2025-08-20
561,141,1,51,55,21,19,2025-09-25
562,141,2,16,16,27,32,2025-09-16
563,141,3,20,20,13,52,2025-10-01
564,141,4,9,9,7,188,2025-08-21
565,142,1,6,6,11,135,2025-11-05
566,142,2,3,3,22,48,2025-08-27
567,142,3,8,8,12,148,2025-09-28
568,142,4,3,3,23,48,2025-10-24
569,143,1,126,126,27,181,2025-11-06
570,143,2,83,83,9,172,2025-11-06
571,143,3,149,149,30,185,2025-10-13
572,143,4,38,38,20,75,2025-09-14
573,144,1,13,13,26,131,2025-08-18
574,144,2,30,36,14,37,2025-09-24
575,144,3,43,43,22,179,2025-08-08
576,144,4,43,43,18,16,2025-11-05
577,145,1,143,143,30,31,2025-08-14
578,145,2,49,49,13,175,2025-10-02
579,145,3,19,19,11,35,2025-09-23
580,145,4,124,124,10,146,2025-10-20
581,146,1,13,13,6,97,2025-09-02
582,146,2,27,27,22,74,2025-10-30
583,146,3,17,17,23,51,2025-11-02
584,146,4,8,8,22,35,2025-10-09
585,147,1,32,32,19,154,2025-08-26
586,147,2,4,4,13,184,2025-09-04
587,147,3,24,24,26,32,2025-08-22
588,147,4,49,49,23,104,2025-09-09
589,148,1,164,211,27,23,2025-10-16
590,148,2,174,174,6,197,2025-08-20
591,148,3,56,56,7,157,2025-10-11
592,148,4,33,33,9,107,2025-10-04
593,149,1,138,138,15,112,2025-09-09
594,149,2,5,5,26,177,2025-08-24
595,149,3,89,89,20,91,2025-09-27
596,149,4,122,122,8,56,2025-09-03
597,150,1,55,55,27,11,2025-08-16
598,150,2,96,78,5,101,2025-09-07
599,150,3,39,29,28,14,2025-10-12
600,150,4,211,182,24,83,2025-10-18
601,151,1,5,6,28,132,2025-08-20
602,151,2,2,2,20,40,2025-10-18
603,151,3,102,102,19,80,2025-08-24
604,151,4,35,35,26,50,2025-09-20
605,152,1,82,82,10,158,2025-08-22
606,152,2,33,33,18,191,2025-10-24
607,152,3,75,86,6,29,2025-10-16
608,152,4,56,56,21,127,2025-08-30
609,153,1,31,31,9,60,2025-08-15
610,153,2,92,92,28,29,2025-09-11
611,153,3,11,11,6,165,2025-08-12
612,153,4,128,128,12,155,2025-10-07
613,154,1,90,90,22,26,2025-10-08
614,154,2,25,31,27,53,2025-09-16
615,154,3,10,10,29,76,2025-08-08
616,154,4,72,72,29,199,2025-09-24
617,155,1,14,14,8,117,2025-10-08
618,155,2,13,13,14,48,2025-08-10
619,155,3,58,58,20,199,2025-11-05
620,155,4,61,69,29,189,2025-10-26
621,156,1,42,42,13,20,2025-10-24
622,156,2,28,35,23,141,2025-10-26
623,156,3,20,20,15,58,2025-10-22
624,156,4,20,20,22,82,2025-08-24
625,157,1,64,64,29,21,2025-10-11
626,157,2,30,30,16,78,2025-09-25
627,157,3,49,49,22,115,2025-10-01
628,157,4,71,71,17,84,2025-10-18
629,158,1,240,240,26,170,2025-08-27
630,158,2,79,79,25,24,2025-09-05
631,158,3,9,9,7,156,2025-10-02
632,158,4,39,39,7,93,2025-09-22
633,159,1,206,206,23,30,2025-10-19
634,159,2,121,121,26,29,2025-10-09
635,159,3,172,172,19,30,2025-09-27
636,159,4,0,0,17,25,2025-09-06
637,160,1,62,62,17,147,2025-08-13
638,160,2,16,16,13,63,2025-10-09
639,160,3,41,38,27,41,2025-10-09
640,160,4,72,72,12,75,2025-08-09
641,161,1,108,108,19,126,2025-10-07
642,161,2,159,159,28,175,2025-08-26
643,161,3,95,80,28,12,2025-10-11
644,161,4,25,25,22,90,2025-08-12
645,162,1,22,22,9,21,2025-10-18
646,162,2,35,35,6,43,2025-08-30
647,162,3,1,1,21,137,2025-08-11
648,162,4,35,45,24,127,2025-09-22
649,163,1,153,153,5,142,2025-09-27
650,163,2,56,56,6,163,2025-08-26
651,163,3,147,147,9,118,2025-10-06
652,163,4,121,121,5,38,2025-09-05
653,164,1,9,9,29,94,2025-08-19
654,164,2,12,12,26,136,2025-10-29
655,164,3,2,2,26,22,2025-10-15
656,164,4,1,4,6,71,2025-09-28
657,165,1,166,166,27,112,2025-10-19
658,165,2,12,12,23,17,2025-10-16
659,165,3,104,104,28,110,2025-10-22
660,165,4,72,72,24,76,2025-09-19
661,166,1,13,13,11,33,2025-10-04
662,166,2,2,2,19,19,2025-08-25
663,166,3,21,21,7,137,2025-11-01
664,166,4,4,4,8,109,2025-09-04
665,167,1,40,40,20,153,2025-09-10
666,167,2,283,283,10,151,2025-10-09
667,167,3,84,72,13,112,2025-10-10
668,167,4,59,59,9,159,2025-11-02
669,168,1,57,57,18,38,2025-09-07
670,168,2,134,134,15,81,2025-11-06
671,168,3,36,36,5,50,2025-08-27
672,168,4,120,132,26,188,2025-10-26
673,169,1,53,53,15,194,2025-08-10
674,169,2,43,43,17,157,2025-09-25
675,169,3,29,29,18,108,2025-09-03
676,169,4,60,60,13,81,2025-09-26
677,170,1,89,83,7,92,2025-08-17
678,170,2,62,62,28,68,2025-10-29
679,170,3,54,54,12,35,2025-09-20
680,170,4,66,66,10,93,2025-10-11
681,171,1,6,6,22,30,2025-10-26
682,171,2,26,26,11,184,2025-10-28
683,171,3,6,6,11,166,2025-10-17
684,171,4,22,22,23,43,2025-09-08
685,172,1,42,42,10,192,2025-10-30
686,172,2,101,101,11,16,2025-09-15
687,172,3,72,72,29,23,2025-09-22
688,172,4,16,16,7,33,2025-10-20
689,173,1,82,82,26,107,2025-09-14
690,173,2,110,110,18,93,2025-10-07
691,173,3,140,140,28,83,2025-09-29
692,173,4,124,124,14,178,2025-08-30
693,174,1,145,145,7,19,2025-10-08
694,174,2,99,99,22,195,2025-08-29
695,174,3,48,42,14,124,2025-08-20
696,174,4,113,113,22,33,2025-10-31
697,175,1,158,158,5,164,2025-11-01
698,175,2,129,129,12,43,2025-09-30
699,175,3,102,102,15,148,2025-08-23
700,175,4,63,63,23,157,2025-09-06
701,176,1,104,104,23,130,2025-09-02
702,176,2,100,100,28,184,2025-09-01
703,176,3,41,41,5,62,2025-11-05
704,176,4,83,83,25,36,2025-11-04
705,177,1,16,12,6,22,2025-08-17
706,177,2,2,2,10,16,2025-08-24
707,177,3,36,36,26,104,2025-09-05
708,177,4,12,12,6,169,2025-09-29
709,178,1,129,129,21,134,2025-10-23
710,178,2,297,297,29,154,2025-08-17
711,178,3,7,5,22,106,2025-10-17
712,178,4,52,52,14,180,2025-09-06
713,179,1,70,70,23,44,2025-09-03
714,179,2,36,36,15,110,2025-08-26
715,179,3,64,64,9,79,2025-08-08
716,179,4,87,87,26,164,2025-09-07
717,180,1,111,111,22,27,2025-09-04
718,180,2,128,159,8,186,2025-09-08
719,180,3,72,68,20,29,2025-09-16
720,180,4,111,111,10,51,2025-10-22
721,181,1,3,3,17,22,2025-09-20
722,181,2,2,2,30,148,2025-08-20
723,181,3,0,0,5,118,2025-09-07
724,181,4,10,10,7,47,2025-09-25
725,182,1,58,58,8,123,2025-10-30
726,182,2,27,27,7,88,2025-09-15
727,182,3,46,46,6,119,2025-10-14
728,182,4,101,101,22,83,2025-10-17
729,183,1,110,110,28,19,2025-09-13
730,183,2,109,94,8,143,2025-09-16
731,183,3,105,105,9,90,2025-09-05
732,183,4,43,43,17,100,2025-08-18
733,184,1,4,3,30,191,2025-09-30
734,184,2,40,40,27,111,2025-09-19
735,184,3,94,94,24,18,2025-08-18
736,184,4,92,92,28,150,2025-11-05
737,185,1,24,24,22,87,2025-10-14
738,185,2,95,95,7,165,2025-08-18
739,185,3,42,42,24,97,2025-10-11
740,185,4,208,208,6,54,2025-09-04
741,186,1,26,26,23,67,2025-08-31
742,186,2,15,14,16,70,2025-08-11
743,186,3,95,101,26,120,2025-09-25
744,186,4,98,69,25,23,2025-10-09
745,187,1,45,45,28,105,2025-10-23
746,187,2,46,46,29,136,2025-08-28
747,187,3,60,60,18,194,2025-10-17
748,187,4,89,108,15,55,2025-10-18
749,188,1,5,5,27,166,2025-08-15
750,188,2,9,9,15,89,2025-08-15
751,188,3,5,5,24,197,2025-09-02
752,188,4,7,7,10,195,2025-09-12
753,189,1,135,135,12,62,2025-09-25
754,189,2,14,14,15,42,2025-10-17
755,189,3,31,31,18,15,2025-09-04
756,189,4,139,139,29,120,2025-09-11
757,190,1,3,4,25,73,2025-09-30
758,190,2,22,22,28,41,2025-10-05
759,190,3,28,28,25,15,2025-09-12
760,190,4,48,48,26,123,2025-09-18
761,191,1,150,150,6,27,2025-08-28
762,191,2,89,89,16,19,2025-08-23
763,191,3,58,58,7,78,2025-09-04
764,191,4,13,13,10,113,2025-08-20
765,192,1,55,55,12,33,2025-09-25
766,192,2,8,8,24,116,2025-10-14
767,192,3,109,138,6,178,2025-08-08
768,192,4,87,77,10,61,2025-09-11
769,193,1,72,72,11,120,2025-08-10
770,193,2,43,43,8,146,2025-09-14
771,193,3,35,35,13,46,2025-09-21
772,193,4,63,63,27,26,2025-09-07
773,194,1,28,28,8,96,2025-10-13
774,194,2,39,39,19,141,2025-10-12
775,194,3,14,14,23,50,2025-08-20
776,194,4,35,35,29,24,2025-11-02
777,195,1,59,59,14,99,2025-11-06
778,195,2,105,105,22,167,2025-10-25
779,195,3,97,97,24,129,2025-10-27
780,195,4,32,32,6,82,2025-10-25
781,196,1,140,140,17,10,2025-08-08
782,196,2,47,47,16,39,2025-08-19
783,196,3,68,68,6,184,2025-08-30
784,196,4,141,141,9,162,2025-08-30
785,197,1,52,52,25,47,2025-10-06
786,197,2,26,26,15,112,2025-08-29
787,197,3,86,73,12,31,2025-10-15
788,197,4,28,28,20,58,2025-09-11
789,198,1,46,46,29,67,2025-11-05
790,198,2,147,147,12,129,2025-09-13
791,198,3,134,134,30,65,2025-09-05
792,198,4,84,84,6,103,2025-10-22
793,199,1,80,80,8,14,2025-08-23
794,199,2,111,111,25,48,2025-10-08
795,199,3,109,109,18,148,2025-11-04
796,199,4,94,94,7,25,2025-08-13
797,200,1,4,4,30,178,2025-10-07
798,200,2,60,60,9,135,2025-10-30
799,200,3,66,66,13,153,2025-09-21
800,200,4,10,10,29,59,2025-08-16
801,201,1,20,20,13,39,2025-10-20
802,201,2,12,12,9,197,2025-10-29
803,201,3,0,0,23,102,2025-09-14
804,201,4,8,8,26,73,2025-10-13
805,202,1,27,27,13,138,2025-09-03
806,202,2,14,14,15,23,2025-10-15
807,202,3,10,10,6,119,2025-09-30
808,202,4,19,19,19,62,2025-08-28
809,203,1,80,80,10,52,2025-08-25
810,203,2,114,114,12,79,2025-10-31
811,203,3,117,117,8,76,2025-08-27
812,203,4,56,56,18,52,2025-09-10
813,204,1,62,62,26,24,2025-10-02
814,204,2,52,52,26,17,2025-10-18
815,204,3,102,102,18,103,2025-10-05
816,204,4,277,277,15,197,2025-08-21
817,205,1,29,29,20,20,2025-08-08
818,205,2,182,222,28,29,2025-09-17
819,205,3,126,126,17,51,2025-09-27
820,205,4,130,130,10,79,2025-08-19
821,206,1,3,3,10,124,2025-10-20
822,206,2,25,25,10,155,2025-09-07
823,206,3,11,11,25,124,2025-09-01
824,206,4,15,15,13,78,2025-10-24
825,207,1,3,3,8,99,2025-10-21
826,207,2,33,33,28,39,2025-10-16
827,207,3,48,48,8,111,2025-08-27
828,207,4,14,14,19,44,2025-10-24
829,208,1,72,72,17,32,2025-09-26
830,208,2,85,85,11,106,2025-11-02
831,208,3,132,132,7,151,2025-08-21
832,208,4,1,1,23,31,2025-10-03
833,209,1,19,19,18,21,2025-10-25
834,209,2,2,0,7,13,2025-09-17
835,209,3,3,2,12,32,2025-10-24
836,209,4,70,70,28,34,2025-10-16
837,210,1,38,48,5,163,2025-10-01
838,210,2,54,44,27,111,2025-09-19
839,210,3,44,44,10,44,2025-10-28
840,210,4,18,13,27,154,2025-08-29
841,211,1,32,23,19,156,2025-10-16
842,211,2,7,7,15,133,2025-08-22
843,211,3,9,9,23,165,2025-09-13
844,211,4,33,33,15,14,2025-10-10
845,212,1,24,27,29,143,2025-09-26
846,212,2,11,11,27,12,2025-09-17
847,212,3,16,16,17,138,2025-09-26
848,212,4,17,17,22,71,2025-10-28
849,213,1,44,44,26,192,2025-09-19
850,213,2,30,30,26,185,2025-09-12
851,213,3,44,44,30,21,2025-08-31
852,213,4,8,8,20,75,2025-08-15
853,214,1,146,146,26,174,2025-08-20
854,214,2,147,122,20,50,2025-09-10
855,214,3,55,55,16,27,2025-09-09
856,214,4,76,76,14,45,2025-08-20
857,215,1,105,105,20,39,2025-08-28
858,215,2,126,126,22,103,2025-10-14
859,215,3,8,8,24,20,2025-10-02
860,215,4,128,128,25,160,2025-10-22
861,216,1,56,56,17,37,2025-11-05
862,216,2,142,142,24,200,2025-10-02
863,216,3,19,19,9,190,2025-10-12
864,216,4,19,19,29,154,2025-09-15
865,217,1,84,92,27,23,2025-08-28
866,217,2,104,104,23,157,2025-10-18
867,217,3,62,62,21,183,2025-09-01
868,217,4,108,108,25,12,2025-10-24
869,218,1,80,66,30,189,2025-09-12
870,218,2,54,54,24,26,2025-09-30
871,218,3,195,195,7,174,2025-09-14
872,218,4,44,44,13,179,2025-08-17
873,219,1,33,33,29,128,2025-10-05
874,219,2,6,6,19,18,2025-09-01
875,219,3,4,4,14,43,2025-09-27
876,219,4,25,25,6,38,2025-10-15
877,220,1,110,110,20,94,2025-10-17
878,220,2,127,127,24,88,2025-09-17
879,220,3,39,39,23,150,2025-08-24
880,220,4,111,111,21,57,2025-10-27
881,221,1,16,16,16,54,2025-08-30
882,221,2,22,22,17,79,2025-10-31
883,221,3,77,77,7,33,2025-08-24
884,221,4,26,30,24,111,2025-10-28
885,222,1,8,8,25,137,2025-10-26
886,222,2,3,3,22,102,2025-10-28
887,222,3,0,0,24,174,2025-09-10
888,222,4,6,6,24,127,2025-08-19
889,223,1,114,114,17,38,2025-09-14
890,223,2,69,69,22,101,2025-11-02
891,223,3,113,113,27,108,2025-11-03
892,223,4,101,71,11,184,2025-10-02
893,224,1,48,48,19,63,2025-08-08
894,224,2,20,20,10,133,2025-08-09
895,224,3,37,37,18,39,2025-09-27
896,224,4,49,49,20,30,2025-10-08
897,225,1,70,64,27,159,2025-10-01
898,225,2,195,195,13,95,2025-08-31
899,225,3,154,154,17,65,2025-09-07
900,225,4,47,47,15,97,2025-10-06
901,226,1,121,121,30,189,2025-08-31
902,226,2,73,73,24,17,2025-11-04
903,226,3,40,40,15,161,2025-08-10
904,226,4,122,122,14,119,2025-09-16
905,227,1,39,39,18,123,2025-08-22
906,227,2,50,50,25,150,2025-10-21
907,227,3,143,102,18,149,2025-08-20
908,227,4,180,180,12,48,2025-10-02
909,228,1,68,68,8,100,2025-09-13
910,228,2,11,11,15,26,2025-09-15
911,228,3,159,159,9,165,2025-09-29
912,228,4,93,93,9,26,2025-08-25
913,229,1,109,109,23,130,2025-08-26
914,229,2,124,124,12,191,2025-10-14
915,229,3,102,102,19,127,2025-08-08
916,229,4,112,112,11,135,2025-10-30
917,230,1,153,153,18,50,2025-10-05
918,230,2,82,82,22,139,2025-08-31
919,230,3,232,232,17,173,2025-08-24
920,230,4,12,12,21,176,2025-10-02
921,231,1,151,188,11,86,2025-10-15
922,231,2,133,133,27,129,2025-09-18
923,231,3,35,35,21,174,2025-10-08
924,231,4,78,78,15,39,2025-08-21
925,232,1,115,115,23,177,2025-10-14
926,232,2,41,41,7,173,2025-10-31
927,232,3,149,149,27,53,2025-08-21
928,232,4,106,106,18,95,2025-10-22
929,233,1,1,1,9,144,2025-10-23
930,233,2,4,4,16,65,2025-09-10
931,233,3,3,3,25,132,2025-10-06
932,233,4,0,0,9,129,2025-08-19
933,234,1,158,158,12,66,2025-08-08
934,234,2,61,61,10,26,2025-10-08
935,234,3,11,11,21,188,2025-11-05
936,234,4,25,30,26,189,2025-09-22
937,235,1,181,181,6,112,2025-09-09
938,235,2,68,68,15,166,2025-09-11
939,235,3,113,80,23,100,2025-09-10
940,235,4,6,5,10,112,2025-09-30
941,236,1,3,3,29,162,2025-08-16
942,236,2,8,8,18,12,2025-09-23
943,236,3,14,14,12,23,2025-08-18
944,236,4,45,39,23,132,2025-08-09
945,237,1,97,97,21,149,2025-09-03
946,237,2,78,78,24,183,2025-08-08
947,237,3,77,77,23,112,2025-10-05
948,237,4,89,70,13,151,2025-09-04
949,238,1,60,60,19,116,2025-10-18
950,238,2,23,23,22,39,2025-11-01
951,238,3,49,49,19,144,2025-10-18
952,238,4,8,8,6,130,2025-10-22
953,239,1,48,48,20,93,2025-08-15
954,239,2,55,55,29,69,2025-08-17
955,239,3,12,12,21,190,2025-10-22
956,239,4,8,8,15,71,2025-10-31
957,240,1,133,133,26,121,2025-10-04
958,240,2,96,96,7,98,2025-09-02
959,240,3,73,73,25,115,2025-09-28
960,240,4,54,54,17,127,2025-10-31
961,241,1,111,111,14,72,2025-08-18
962,241,2,98,98,16,101,2025-09-17
963,241,3,71,71,8,60,2025-08-28
964,241,4,46,57,11,143,2025-08-08
965,242,1,95,95,27,58,2025-08-18
966,242,2,80,80,15,70,2025-09-14
967,242,3,264,264,25,95,2025-09-18
968,242,4,22,22,16,164,2025-09-20
969,243,1,63,63,16,184,2025-08-29
970,243,2,45,45,20,188,2025-08-09
971,243,3,153,153,23,156,2025-08-27
972,243,4,214,214,28,109,2025-11-01
973,244,1,26,26,17,112,2025-11-05
974,244,2,138,138,22,163,2025-10-30
975,244,3,176,176,16,14,2025-08-18
976,244,4,94,94,12,110,2025-08-12
977,245,1,6,6,28,129,2025-08-09
978,245,2,9,9,9,64,2025-08-19
979,245,3,12,12,17,94,2025-09-24
980,245,4,11,11,11,48,2025-10-01
981,246,1,67,67,10,165,2025-10-17
982,246,2,20,20,8,84,2025-09-04
983,246,3,23,23,21,39,2025-09-02
984,246,4,72,72,7,157,2025-09-11
985,247,1,53,53,14,157,2025-09-20
986,247,2,2,2,24,153,2025-11-02
987,247,3,51,51,11,123,2025-09-14
988,247,4,20,20,24,132,2025-09-04
989,248,1,48,48,23,148,2025-09-19
990,248,2,52,52,29,30,2025-09-04
991,248,3,285,285,11,56,2025-09-22
992,248,4,97,97,7,130,2025-10-14
993,249,1,19,19,19,14,2025-08-15
994,249,2,13,13,7,159,2025-10-09
995,249,3,17,17,18,115,2025-10-14
996,249,4,3,3,8,63,2025-11-01
997,250,1,40,40,16,94,2025-08-21
998,250,2,141,141,28,120,2025-09-12
999,250,3,92,92,20,80,2025-09-03
1000,250,4,125,125,8,117,2025-08-17
1001,251,1,69,69,28,42,2025-09-20
1002,251,2,45,45,20,187,2025-10-13
1003,251,3,77,77,25,173,2025-09-23
1004,251,4,61,61,25,78,2025-11-03
1005,252,1,88,73,30,184,2025-08-27
1006,252,2,100,100,24,104,2025-10-23
1007,252,3,79,79,10,146,2025-09-20
1008,252,4,53,53,14,97,2025-08-13
1009,253,1,8,8,13,78,2025-10-03
1010,253,2,90,90,27,18,2025-08-13
1011,253,3,244,244,8,172,2025-09-07
1012,253,4,69,69,7,19,2025-10-06
1013,254,1,113,113,22,87,2025-09-09
1014,254,2,3,3,20,118,2025-09-28
1015,254,3,57,65,27,146,2025-10-31
1016,254,4,72,72,15,15,2025-11-05
1017,255,1,46,46,24,24,2025-08-23
1018,255,2,60,75,25,147,2025-08-17
1019,255,3,54,54,28,104,2025-10-15
1020,255,4,41,41,22,135,2025-10-24
1021,256,1,165,165,5,86,2025-10-01
1022,256,2,120,120,23,130,2025-09-27
1023,256,3,57,57,25,84,2025-10-29
1024,256,4,20,20,6,94,2025-08-23
1025,257,1,114,106,27,103,2025-09-24
1026,257,2,74,85,6,53,2025-09-20
1027,257,3,89,89,8,177,2025-09-17
1028,257,4,89,89,6,40,2025-10-27
1029,258,1,168,168,28,119,2025-09-14
1030,258,2,25,25,14,48,2025-09-01
1031,258,3,50,50,18,31,2025-08-21
1032,258,4,111,111,20,55,2025-10-19
1033,259,1,54,54,25,148,2025-08-09
1034,259,2,57,57,28,124,2025-09-12
1035,259,3,34,34,19,34,2025-09-03
1036,259,4,36,46,17,58,2025-09-21
1037,260,1,59,59,11,130,2025-10-07
1038,260,2,6,6,16,174,2025-08-28
1039,260,3,42,42,24,156,2025-08-25
1040,260,4,25,25,14,113,2025-10-24
1041,261,1,28,28,16,114,2025-08-20
1042,261,2,92,92,21,145,2025-09-28
1043,261,3,40,40,16,61,2025-10-09
1044,261,4,141,118,12,155,2025-10-07
1045,262,1,21,21,27,69,2025-08-26
1046,262,2,22,16,13,67,2025-08-21
1047,262,3,17,17,22,137,2025-10-20
1048,262,4,12,12,27,83,2025-10-24
1049,263,1,33,42,17,50,2025-09-21
1050,263,2,36,33,21,168,2025-09-02
1051,263,3,55,55,27,96,2025-11-02
1052,263,4,39,39,27,186,2025-11-03
1053,264,1,171,171,6,145,2025-10-14
1054,264,2,73,73,12,196,2025-11-05
1055,264,3,65,65,16,145,2025-08-29
1056,264,4,70,70,28,76,2025-09-11
1057,265,1,2,2,19,146,2025-08-22
1058,265,2,25,25,7,74,2025-10-26
1059,265,3,2,2,17,28,2025-09-20
1060,265,4,66,66,10,189,2025-10-23
1061,266,1,9,9,29,34,2025-08-12
1062,266,2,41,41,9,108,2025-08-20
1063,266,3,15,15,7,68,2025-10-18
1064,266,4,40,40,7,58,2025-09-01
1065,267,1,105,105,7,132,2025-08-09
1066,267,2,176,176,27,144,2025-11-05
1067,267,3,40,40,20,173,2025-10-30
1068,267,4,22,22,14,154,2025-09-01
1069,268,1,133,133,11,26,2025-08-31
1070,268,2,45,45,19,138,2025-09-14
1071,268,3,31,31,29,19,2025-09-20
1072,268,4,25,22,29,34,2025-10-14
1073,269,1,15,18,22,115,2025-10-10
1074,269,2,17,17,6,142,2025-09-18
1075,269,3,12,12,23,35,2025-10-19
1076,269,4,15,13,18,190,2025-09-14
1077,270,1,75,75,21,163,2025-09-14
1078,270,2,6,6,30,126,2025-09-18
1079,270,3,213,213,14,91,2025-10-04
1080,270,4,31,31,22,64,2025-10-30
1081,271,1,6,4,16,175,2025-08-18
1082,271,2,6,6,19,100,2025-10-30
1083,271,3,7,7,22,66,2025-10-07
1084,271,4,8,8,8,77,2025-08-30
1085,272,1,54,54,30,18,2025-08-27
1086,272,2,104,104,9,191,2025-10-31
1087,272,3,38,38,8,11,2025-09-05
1088,272,4,16,16,13,37,2025-09-14
1089,273,1,2,2,10,71,2025-10-25
1090,273,2,63,76,27,192,2025-10-20
1091,273,3,10,10,6,82,2025-09-16
1092,273,4,72,72,24,67,2025-08-12
1093,274,1,27,27,13,174,2025-10-28
1094,274,2,59,59,22,122,2025-10-26
1095,274,3,22,22,5,25,2025-10-10
1096,274,4,79,92,20,66,2025-08-28
1097,275,1,3,3,11,151,2025-08-20
1098,275,2,5,5,24,138,2025-08-28
1099,275,3,5,5,24,133,2025-10-26
1100,275,4,3,3,12,64,2025-10-16
1101,276,1,109,109,30,52,2025-10-16
1102,276,2,74,74,19,119,2025-09-14
1103,276,3,100,108,12,17,2025-08-24
1104,276,4,40,40,30,88,2025-08-10
1105,277,1,20,20,12,197,2025-10-01
1106,277,2,59,59,16,179,2025-09-27
1107,277,3,30,36,23,153,2025-08-31
1108,277,4,56,56,21,108,2025-09-08
1109,278,1,69,69,19,45,2025-10-09
1110,278,2,145,145,14,172,2025-10-24
1111,278,3,74,74,10,132,2025-10-23
1112,278,4,182,182,20,50,2025-10-29
1113,279,1,2,2,11,112,2025-10-14
1114,279,2,93,93,5,35,2025-10-11
1115,279,3,237,237,9,85,2025-10-12
1116,279,4,99,99,6,64,2025-08-31
1117,280,1,169,169,13,15,2025-08-09
1118,280,2,17,17,14,110,2025-10-15
1119,280,3,122,122,24,107,2025-09-13
1120,280,4,142,142,16,19,2025-09-12
1121,281,1,57,57,12,122,2025-10-23
1122,281,2,9,9,10,190,2025-10-28
1123,281,3,127,127,23,33,2025-09-28
1124,281,4,240,240,6,52,2025-08-11
1125,282,1,7,7,30,172,2025-09-10
1126,282,2,20,20,30,179,2025-11-05
1127,282,3,70,70,25,115,2025-10-05
1128,282,4,11,11,29,30,2025-09-13
1129,283,1,32,32,30,177,2025-10-30
1130,283,2,124,124,17,74,2025-09-05
1131,283,3,87,87,13,76,2025-10-20
1132,283,4,147,147,24,176,2025-10-06
1133,284,1,53,53,5,37,2025-08-28
1134,284,2,24,24,15,103,2025-09-12
1135,284,3,10,10,7,126,2025-09-06
1136,284,4,16,16,10,101,2025-11-06
1137,285,1,141,141,7,60,2025-09-22
1138,285,2,84,84,18,76,2025-08-22
1139,285,3,113,113,20,65,2025-11-05
1140,285,4,124,124,7,187,2025-08-13
1141,286,1,53,53,15,145,2025-09-20
1142,286,2,25,25,7,127,2025-10-07
1143,286,3,117,86,26,183,2025-10-18
1144,286,4,49,49,10,100,2025-10-12
1145,287,1,48,48,29,51,2025-09-28
1146,287,2,170,170,29,69,2025-09-14
1147,287,3,105,105,29,78,2025-09-30
1148,287,4,117,117,10,182,2025-08-14
1149,288,1,16,16,19,33,2025-08-19
1150,288,2,19,19,8,90,2025-09-24
1151,288,3,13,13,25,50,2025-09-23
1152,288,4,22,22,9,92,2025-10-08
1153,289,1,63,63,16,159,2025-09-23
1154,289,2,42,42,13,197,2025-09-27
1155,289,3,49,49,21,119,2025-08-11
1156,289,4,25,25,11,84,2025-08-21
1157,290,1,35,35,20,171,2025-08-28
1158,290,2,130,130,14,175,2025-11-05
1159,290,3,149,149,15,42,2025-10-22
1160,290,4,59,59,18,80,2025-09-13
1161,291,1,107,107,27,115,2025-10-17
1162,291,2,72,72,7,77,2025-08-10
1163,291,3,22,22,6,77,2025-08-11
1164,291,4,110,92,21,174,2025-11-02
1165,292,1,49,49,25,74,2025-08-10
1166,292,2,108,108,26,109,2025-10-20
1167,292,3,76,76,12,163,2025-09-18
1168,292,4,97,97,18,113,2025-10-04
1169,293,1,1,1,17,130,2025-10-12
1170,293,2,3,2,20,57,2025-10-16
1171,293,3,0,0,5,23,2025-08-20
1172,293,4,2,2,27,79,2025-09-29
1173,294,1,87,87,16,88,2025-10-03
1174,294,2,106,106,14,124,2025-10-19
1175,294,3,174,174,22,99,2025-10-13
1176,294,4,27,27,28,52,2025-10-23
1177,295,1,8,8,6,21,2025-10-23
1178,295,2,26,26,10,151,2025-09-20
1179,295,3,259,259,29,78,2025-09-26
1180,295,4,71,71,18,24,2025-08-23
1181,296,1,67,67,20,104,2025-11-03
1182,296,2,30,30,18,138,2025-09-11
1183,296,3,36,36,17,32,2025-10-18
1184,296,4,25,25,10,73,2025-09-24
1185,297,1,5,5,19,100,2025-11-01
1186,297,2,6,6,29,161,2025-10-20
1187,297,3,8,8,17,116,2025-10-12
1188,297,4,14,14,29,108,2025-09-03
1189,298,1,21,21,20,19,2025-08-09
1190,298,2,96,96,16,56,2025-09-28
1191,298,3,105,105,13,144,2025-09-13
1192,298,4,119,119,5,69,2025-10-20
1193,299,1,84,84,29,199,2025-10-01
1194,299,2,27,27,7,113,2025-08-24
1195,299,3,88,88,15,186,2025-09-10
1196,299,4,65,65,29,164,2025-09-05
1197,300,1,68,68,20,83,2025-09-21
1198,300,2,40,40,15,195,2025-10-01
1199,300,3,62,62,21,28,2025-10-11
1200,300,4,49,49,15,149,2025-09-05
1201,301,1,60,60,27,69,2025-08-28
1202,301,2,94,94,23,122,2025-10-31
1203,301,3,107,107,6,42,2025-08-13
1204,301,4,29,29,30,187,2025-08-15
1205,302,1,26,23,26,78,2025-09-29
1206,302,2,5,5,18,23,2025-10-04
1207,302,3,44,44,23,67,2025-09-21
1208,302,4,50,43,17,138,2025-09-28
1209,303,1,22,22,11,118,2025-09-22
1210,303,2,202,202,26,146,2025-11-02
1211,303,3,101,101,28,155,2025-10-20
1212,303,4,143,143,21,117,2025-08-30
1213,304,1,10,10,6,180,2025-10-12
1214,304,2,8,8,7,150,2025-09-24
1215,304,3,0,1,24,200,2025-11-03
1216,304,4,5,5,10,159,2025-10-14
1217,305,1,44,44,27,117,2025-10-30
1218,305,2,27,27,19,194,2025-10-24
1219,305,3,116,116,24,33,2025-09-21
1220,305,4,101,101,20,97,2025-09-19
1221,306,1,86,86,29,137,2025-09-05
1222,306,2,15,11,13,47,2025-08-23
1223,306,3,23,23,11,49,2025-09-22
1224,306,4,1,2,9,137,2025-10-18
1225,307,1,159,159,27,94,2025-11-01
1226,307,2,112,112,16,51,2025-08-29
1227,307,3,107,107,25,27,2025-09-06
1228,307,4,56,56,24,127,2025-09-25
1229,308,1,9,9,20,26,2025-08-18
1230,308,2,35,35,27,103,2025-10-26
1231,308,3,45,45,25,154,2025-10-23
1232,308,4,54,54,25,103,2025-09-21
1233,309,1,291,291,10,161,2025-08-21
1234,309,2,39,39,11,134,2025-09-04
1235,309,3,81,81,7,157,2025-08-11
1236,309,4,8,8,21,35,2025-09-15
1237,310,1,70,70,27,33,2025-10-26
1238,310,2,52,52,7,89,2025-09-06
1239,310,3,41,41,9,136,2025-10-06
1240,310,4,38,38,20,146,2025-10-25
1241,311,1,21,21,16,195,2025-09-02
1242,311,2,24,24,15,135,2025-10-10
1243,311,3,17,14,12,93,2025-10-14
1244,311,4,17,15,20,18,2025-09-20
1245,312,1,6,6,25,35,2025-08-09
1246,312,2,3,3,23,123,2025-10-12
1247,312,3,65,65,27,108,2025-10-17
1248,312,4,61,61,21,128,2025-11-03
1249,313,1,11,11,16,151,2025-10-22
1250,313,2,159,159,12,16,2025-11-05
1251,313,3,273,273,13,150,2025-10-23
1252,313,4,52,52,21,177,2025-09-10
1253,314,1,19,19,26,175,2025-08-15
1254,314,2,89,89,10,140,2025-10-01
1255,314,3,91,91,9,155,2025-10-25
1256,314,4,82,82,12,91,2025-10-24
1257,315,1,29,29,5,57,2025-08-22
1258,315,2,192,192,10,140,2025-09-01
1259,315,3,101,101,11,147,2025-08-15
1260,315,4,29,29,6,14,2025-08-14
1261,316,1,225,208,22,60,2025-10-22
1262,316,2,11,11,28,25,2025-09-07
1263,316,3,115,115,16,124,2025-08-16
1264,316,4,63,63,10,26,2025-10-31
1265,317,1,1,1,26,128,2025-08-12
1266,317,2,3,3,25,110,2025-10-05
1267,317,3,5,5,6,25,2025-11-05
1268,317,4,6,6,13,41,2025-09-26
1269,318,1,40,49,10,24,2025-09-19
1270,318,2,102,102,29,20,2025-10-26
1271,318,3,80,80,19,91,2025-09-17
1272,318,4,95,95,11,92,2025-08-21
1273,319,1,37,37,23,119,2025-09-04
1274,319,2,23,23,23,151,2025-10-30
1275,319,3,21,25,28,58,2025-10-16
1276,319,4,21,21,13,63,2025-11-06
1277,320,1,121,121,27,47,2025-10-08
1278,320,2,8,8,19,78,2025-11-05
1279,320,3,247,247,8,134,2025-10-01
1280,320,4,91,91,15,169,2025-10-06
1281,321,1,12,10,17,98,2025-08-26
1282,321,2,57,57,8,86,2025-11-01
1283,321,3,30,30,12,102,2025-09-18
1284,321,4,44,44,24,190,2025-11-05
1285,322,1,116,116,13,124,2025-10-16
1286,322,2,70,70,10,123,2025-09-25
1287,322,3,196,196,6,81,2025-10-06
1288,322,4,35,35,6,141,2025-11-04
1289,323,1,163,163,20,95,2025-09-30
1290,323,2,21,21,9,158,2025-09-10
1291,323,3,138,138,26,146,2025-09-19
1292,323,4,35,38,8,199,2025-08-15
1293,324,1,103,73,10,102,2025-10-09
1294,324,2,95,95,19,134,2025-10-09
1295,324,3,97,97,12,106,2025-09-22
1296,324,4,119,119,16,183,2025-10-24
1297,325,1,31,31,14,161,2025-10-29
1298,325,2,19,19,22,130,2025-09-15
1299,325,3,153,153,29,173,2025-08-31
1300,325,4,66,66,24,135,2025-09-06
1301,326,1,3,3,6,121,2025-09-01
1302,326,2,3,3,29,142,2025-08-31
1303,326,3,3,3,23,80,2025-10-27
1304,326,4,2,2,7,23,2025-10-14
1305,327,1,11,11,6,136,2025-08-28
1306,327,2,1,1,6,20,2025-10-22
1307,327,3,23,29,19,73,2025-11-04
1308,327,4,16,16,10,193,2025-08-17
1309,328,1,146,146,9,85,2025-10-13
1310,328,2,107,88,8,37,2025-08-17
1311,328,3,57,57,7,164,2025-09-23
1312,328,4,145,145,6,165,2025-09-22
1313,329,1,31,31,12,147,2025-10-07
1314,329,2,163,163,25,150,2025-09-23
1315,329,3,160,141,18,148,2025-08-12
1316,329,4,19,19,13,31,2025-10-01
1317,330,1,19,19,7,82,2025-10-13
1318,330,2,2,2,21,116,2025-10-16
1319,330,3,58,58,21,125,2025-08-11
1320,330,4,34,37,29,89,2025-08-08
1321,331,1,18,18,17,47,2025-09-02
1322,331,2,13,16,28,169,2025-10-22
1323,331,3,10,10,23,122,2025-09-23
1324,331,4,4,4,11,28,2025-09-28
1325,332,1,199,199,24,139,2025-10-18
1326,332,2,66,66,12,126,2025-09-17
1327,332,3,133,133,17,108,2025-11-06
1328,332,4,4,4,25,187,2025-10-21
1329,333,1,53,53,14,128,2025-09-20
1330,333,2,58,58,11,171,2025-10-26
1331,333,3,45,45,12,134,2025-09-10
1332,333,4,36,36,11,109,2025-08-27
1333,334,1,3,3,22,178,2025-09-05
1334,334,2,3,2,15,30,2025-10-30
1335,334,3,2,2,20,18,2025-09-02
1336,334,4,2,2,14,39,2025-08-14
1337,335,1,2,2,11,62,2025-08-10
1338,335,2,80,80,15,94,2025-08-13
1339,335,3,30,30,13,87,2025-10-15
1340,335,4,61,61,27,19,2025-11-05
1341,336,1,4,3,29,97,2025-09-10
1342,336,2,15,15,12,198,2025-10-16
1343,336,3,15,15,26,89,2025-09-27
1344,336,4,17,17,22,154,2025-08-13
1345,337,1,83,83,16,172,2025-08-28
1346,337,2,11,11,7,179,2025-09-17
1347,337,3,15,15,15,178,2025-10-16
1348,337,4,92,92,7,94,2025-10-14
1349,338,1,98,98,9,189,2025-10-16
1350,338,2,35,35,14,45,2025-08-31
1351,338,3,58,58,12,150,2025-08-14
1352,338,4,54,54,14,80,2025-10-13
1353,339,1,89,73,13,40,2025-08-20
1354,339,2,8,8,16,76,2025-10-17
1355,339,3,114,114,23,86,2025-09-09
1356,339,4,39,39,16,67,2025-09-04
1357,340,1,50,50,29,102,2025-09-05
1358,340,2,39,39,23,22,2025-09-12
1359,340,3,39,39,8,44,2025-10-11
1360,340,4,6,6,17,103,2025-09-30
1361,341,1,56,56,19,115,2025-09-22
1362,341,2,77,77,16,173,2025-10-20
1363,341,3,50,50,13,29,2025-09-04
1364,341,4,94,94,17,16,2025-10-19
1365,342,1,3,3,10,191,2025-08-25
1366,342,2,95,95,18,46,2025-09-28
1367,342,3,102,102,23,99,2025-09-18
1368,342,4,93,93,26,41,2025-11-04
1369,343,1,112,112,28,138,2025-09-22
1370,343,2,29,29,15,186,2025-08-27
1371,343,3,152,152,5,40,2025-10-22
1372,343,4,24,24,14,76,2025-09-11
1373,344,1,35,35,13,91,2025-08-10
1374,344,2,14,14,28,61,2025-09-11
1375,344,3,22,22,19,164,2025-10-07
1376,344,4,32,32,20,129,2025-09-27
1377,345,1,63,63,9,128,2025-09-12
1378,345,2,35,35,26,133,2025-11-02
1379,345,3,65,65,23,118,2025-08-24
1380,345,4,3,3,26,27,2025-08-18
1381,346,1,25,25,19,126,2025-08-16
1382,346,2,19,19,20,73,2025-10-06
1383,346,3,17,17,12,62,2025-08-22
1384,346,4,14,14,26,13,2025-10-16
1385,347,1,30,30,14,161,2025-09-11
1386,347,2,47,47,20,120,2025-08-19
1387,347,3,16,16,12,41,2025-10-20
1388,347,4,42,42,7,173,2025-10-18
1389,348,1,81,81,20,41,2025-09-15
1390,348,2,105,105,29,165,2025-08-15
1391,348,3,71,71,16,117,2025-09-14
1392,348,4,98,98,23,64,2025-11-01
1393,349,1,17,17,10,63,2025-08-08
1394,349,2,113,113,21,83,2025-10-01
1395,349,3,154,154,13,152,2025-10-17
1396,349,4,134,134,22,48,2025-08-20
1397,350,1,16,17,30,23,2025-09-11
1398,350,2,129,129,17,79,2025-10-14
1399,350,3,119,119,9,161,2025-09-07
1400,350,4,158,142,5,168,2025-10-14
